[
  {
    "nom": "Poutine",
	"tempsCuisson": 3,
	"prixAchat": 300,
    "ingredients": ["Potate","Fromage","Sauce"]
  },
  {
    "nom": "Spaghetti",
	"tempsCuisson": 2,
	"prixAchat": 0,
    "ingredients": ["Pâtes","Sauce","Tomate"]
  },
  {
    "nom": "Gauffre",
	"tempsCuisson": 2,
	"prixAchat": 100,
    "ingredients": ["Farine","Oeuf","Lait","Fruit Frais"]
  },
  {
    "nom": "Hamburger",
	"tempsCuisson": 2,
	"prixAchat": 0,
    "ingredients": ["Boeuf","Pain","Tomate","Laitue"]
  },
  {
    "nom": "Salade Fraiche",
	"tempsCuisson": 1,
	"prixAchat": 0,
    "ingredients": ["Laitue","Vinegraite","Tomate"]
  },
  {
    "nom": "Kabab",
	"tempsCuisson": 1,
	"prixAchat": 170,
    "ingredients": ["Poulet","Poivron","Onion"]
  },
  {
    "nom": "Crepe au Fruit de Mere",
	"tempsCuisson": 2,
	"prixAchat": 280,
    "ingredients": ["Farine","Oeuf","Lait","Poisson","Crevette"]
  }
  
]